CPUDT,CPUDT
20170915,4
20170918,7
20170920,2
20170921,11
20170922,1
20170925,2
20170928,1
20170929,1
20171002,8
20171003,75
20171004,332
20171005,77
20171006,1
20171007,11
20171010,5
20171011,32
20171016,5
20171017,1
20171018,3
20171019,6
20171021,6
20171023,10
20171024,26
20171025,10
20171026,250
20171027,245
20171030,5
20171031,15
20171101,17
20171102,8
20171103,25
20171104,4
20171106,6
20171107,27
20171108,4
20171109,21
20171110,11
20171111,1
20171113,13
20171114,83
20171115,53
20171117,45
20171118,8
20171120,27
20171121,15
20171122,19
20171123,11
20171124,6
20171125,1
20171127,12
20171128,24
20171129,20
20171130,28
20171201,33
20171202,25
20171204,7
20171205,3
20171206,40
20171207,24
20171208,11
20171209,5
20171211,6
20171212,13
20171213,10
20171214,5
20171215,41
20171216,18
20171218,7
20171219,19
20171220,19
20171221,5
20171222,6
20171223,19
20171225,11
20171226,7
20171227,17
20171228,20
20171229,62
20180102,14
20180103,66
20180104,33
20180105,53
20180106,39
20180107,3
20180108,15
20180109,15
20180110,18
20180111,15
20180112,41
20180113,19
20180115,34
20180116,19
20180117,30
20180118,25
20180119,11
20180120,6
20180122,7
20180123,2
20180124,5
20180125,13
20180126,10
20180129,8
20180130,2
20180131,31
20180201,61
20180202,731
20180203,48
20180205,34
20180206,53
20180207,17
20180208,3
20180209,6
20180210,15
20180211,1
20180212,20
20180213,11
20180221,3
20180223,8
20180225,13
20180226,36
20180227,5
20180228,849
20180301,11897
20180302,5899
20180303,35
20180305,39
20180306,156
20180307,80
20180308,238
20180309,226
20180310,350
20180312,783
20180313,725
20180314,185
20180315,2755
20180316,242
20180317,635
20180319,2422
20180320,458
20180321,1140
20180322,1507
20180323,339
20180324,119
20180326,1051
20180327,254
20180328,79
20180329,286
20180330,266
20180331,1034
20180402,610
20180403,543
20180404,11274
20180405,3663
20180406,1243
20180407,159
20180408,38
20180409,228
20180410,468
20180411,365
20180412,249
20180413,97
20180414,20
20180416,241
20180417,266
20180418,152
20180419,141
20180420,263
20180421,719
20180422,47
20180423,250
20180424,448
20180426,332
20180427,8936
20180502,54961
20180503,2943
20180504,16767
20180505,1134
20180506,3
20180507,422
20180508,2070
20180509,1575
20180510,1240
20180511,512
20180512,165
20180514,198
20180515,316
20180516,567
20180517,403
20180518,277
20180519,888
20180520,163
20180521,594
20180522,1298
20180523,945
20180524,374
20180525,1813
20180526,204
20180528,953
20180529,317
20180530,11944
20180531,6463
20180601,5903
20180602,1776
20180603,35
20180604,1964
20180605,10045
20180606,3381
20180607,1776
20180608,346
20180609,887
20180611,732
20180612,466
20180613,48045
20180614,767
20180615,1661
20180616,2578
20180618,3760
20180619,839
20180620,576
20180621,1591
20180622,710
20180623,1071
20180625,521
20180626,883
20180627,1119
20180628,947
20180629,1816
20180630,1307
20180701,145
20180702,3424
20180703,2693
20180704,3857
20180705,1898
20180706,727
20180707,324
20180709,1815
20180710,479
20180711,981
20180712,834
20180713,939
20180714,935
20180716,582
20180717,870
20180718,787
20180719,972
20180720,597
20180721,1039
20180723,523
20180724,428
20180725,562
20180726,936
20180727,1204
20180728,1283
20180729,6
20180730,1091
20180731,1570
20180801,2237
20180802,3517
20180803,2012
20180804,654
20180806,2222
20180807,2211
20180808,986
20180809,887
20180810,592
20180811,933
20180813,477
20180814,550
20180815,958
20180816,582
20180817,740
20180818,1255
20180819,133
20180820,989
20180821,2452
20180822,664
20180823,785
20180824,521
20180825,1264
20180827,912
20180828,567
20180829,905
20180830,1056
20180831,1811
20180901,187
20180903,98
20180904,2498
20180905,3651
20180906,1322
20180907,1692
20180908,913
20180910,645
20180911,844
20180912,6301
20180913,2516
20180914,4437
20180915,3433
20180916,15
20180917,2435
20180918,2167
20180919,1341
20180920,1250
20180921,1111
20180922,13784
20180924,4835
20180925,1497
20180926,1751
20180927,22833
20180928,2603
20180929,6519
20180930,527
20181001,9136
20181002,11322
20181003,6889
20181004,6906
20181005,3448
20181006,1519
20181007,4
20181008,11700
20181009,2238
20181010,1280
20181011,1424
20181012,3554
20181013,1682
20181015,2051
20181016,1572
20181017,1199
20181018,2750
20181019,3133
20181020,2502
20181021,68
20181022,1783
20181023,1366
20181024,1705
20181025,1500
20181026,3213
20181027,2013
20181029,1218
20181030,2898
20181031,6019
20181101,6919
20181102,5355
20181103,2121
20181104,44
20181105,4674
20181106,3393
20181107,2256
20181108,2219
20181109,1213
20181110,1991
20181112,1995
20181113,1137
20181114,1183
20181115,1987
20181116,1605
20181117,1936
20181119,2835
20181120,930
20181121,2531
20181122,1520
20181123,2071
20181124,1828
20181126,5323
20181127,2260
20181128,3715
20181129,3225
20181130,2907
20181201,4628
20181202,137
20181203,5831
20181204,10632
20181205,12872
20181206,1642
20181207,11323
20181208,1419
20181209,1
20181210,1158
20181211,7584
20181212,3627
20181213,2459
20181214,2558
20181215,6432
20181216,78
20181217,2368
20181218,4853
20181219,2926
20181220,4642
20181221,4774
20181222,3585
20181223,169
20181224,5964
20181225,6973
20181226,7164
20181227,12245
20181228,5301
20181229,5632
20181231,603
20190101,27
20190102,9846
20190103,16766
20190104,10421
20190105,10876
20190106,360
20190107,4964
20190108,2542
20190109,2849
20190110,4716
20190111,2193
20190112,4103
20190113,34
20190114,3512
20190115,4711
20190116,10431
20190117,5945
20190118,4799
20190119,11673
20190120,43
20190121,5159
20190122,6139
20190123,4656
20190124,7449
20190125,4889
20190126,7787
20190127,27
20190128,4915
20190129,4449
20190130,4612
20190131,5592
20190201,49
20190202,17
20190209,2
20190211,13
20190212,23
20190213,38
20190214,7838
20190215,20633
20190216,29028
20190217,84
20190218,5777
20190219,8966
20190220,4823
20190221,3270
20190222,2451
20190223,2555
20190224,3
20190225,2032
20190226,3734
20190227,3386
20190228,4194
20190301,7210
20190302,6013
20190303,2
20190304,10345
20190305,6034
20190306,3188
20190307,3764
20190308,3508
20190309,781
20190310,5
20190311,3108
20190312,9840
20190313,2729
20190314,4582
20190315,3096
20190316,4202
20190317,19
20190318,4608
20190319,2050
20190320,5427
20190321,1983
20190322,3544
20190323,3101
20190324,15
20190325,4007
20190326,4658
20190327,3795
20190328,3081
20190329,5514
20190330,6105
20190331,43
20190401,13277
20190402,11953
20190403,10611
20190404,4494
20190405,1894
20190406,2039
20190407,14
20190408,5685
20190409,2440
20190410,2851
20190411,2591
20190412,5129
20190413,39
20190414,46
20190415,10
20190416,3410
20190417,3245
20190418,2764
20190419,6948
20190420,6883
20190421,38
20190422,2903
20190423,11647
20190424,3742
20190425,3477
20190426,7902
20190427,501
20190428,164
20190429,141
20190430,63
20190501,445
20190502,17417
20190503,48229
20190504,7224
20190505,679
20190506,4937
20190507,45622
20190508,3865
20190509,3690
20190510,3610
20190511,2044
20190512,59
20190513,4171
20190514,19523
20190515,23331
20190516,5578
20190517,7373
20190518,4851
20190519,154
20190520,3678
20190521,28538
20190522,2926
20190523,7770
20190524,10292
20190525,3062
20190526,189
20190527,8394
20190528,10037
20190529,18001
20190530,7641
20190531,12676
20190601,17692
20190602,422
20190603,14999
20190604,11980
20190605,9881
20190606,3547
20190607,6480
20190608,3315
20190609,437
20190610,4608
20190611,4912
20190612,3831
20190613,5722
20190614,4824
20190615,10945
20190616,366
20190617,6522
20190618,7941
20190619,3805
20190620,3969
20190621,7865
20190622,2849
20190623,404
20190624,2588
20190625,3753
20190626,4845
20190627,12927
20190628,8748
20190629,7742
20190630,351
20190701,23103
20190702,27278
20190703,15232
20190704,7843
20190705,7684
20190706,5568
20190707,1289
20190708,6696
20190709,11759
20190710,5221
20190711,10900
20190712,9241
20190713,7377
20190714,1062
20190715,11460
20190716,11797
20190717,6510
20190718,10483
20190719,6797
20190720,7159
20190721,693
20190722,8253
20190723,9397
20190724,7147
20190725,13727
20190726,19059
20190727,14791
20190728,241
20190729,12728
20190730,14400
20190731,11954
20190801,25965
20190802,31504
20190803,10929
20190804,403
20190805,5921
20190806,6985
20190807,7414
20190808,4037
20190809,3498
20190810,3035
20190811,360
20190812,4683
20190813,4190
20190814,9001
20190815,7594
20190816,4045
20190817,10459
20190818,1668
20190819,10168
20190820,8750
20190821,5725
20190822,4186
20190823,5620
20190824,3960
20190825,3002
20190826,7943
20190827,32455
20190828,24845
20190829,17856
20190830,13604
20190831,506
20190901,233
20190902,4339
20190903,37616
20190904,14212
20190905,11049
20190906,5398
20190907,7448
20190908,405
20190909,9617
20190910,5952
20190911,11316
20190912,11185
20190913,4754
20190914,1968
20190915,489
20190916,11138
20190917,9344
20190918,7740
20190919,6077
20190920,15260
20190921,21700
20190922,9732
20190923,12662
20190924,16159
20190925,17177
20190926,47302
20190927,16594
20190928,4769
20190929,299
20190930,14585
20191001,29496
20191002,11834
20191003,6658
20191004,5352
20191005,26662
20191006,393
20191007,4380
20191008,4949
20191009,3894
20191010,4789
20191011,5072
20191012,3239
20191013,382
20191014,4180
20191015,4958
20191016,5956
20191017,6279
20191018,11317
20191019,2564
20191020,98
20191021,9585
20191022,7026
20191023,5133
20191024,9128
20191025,6285
20191026,15717
20191027,210
20191028,7163
20191029,11829
20191030,7479
20191031,19876
20191101,38254
20191102,19381
20191103,1416
20191104,9408
20191105,6165
20191106,6615
20191107,5325
20191108,5425
20191109,3606
20191110,313
20191111,5144
20191112,45357
20191113,55586
20191114,4871
20191115,3870
20191116,4023
20191117,298
20191118,7763
20191119,3367
20191120,41035
20191121,33858
20191122,16585
20191123,3641
20191124,209
20191125,53715
20191126,10528
20191127,9453
20191128,22452
20191129,24015
20191130,10758
20191201,1528
20191202,10190
20191203,8470
20191204,4912
20191205,4166
20191206,3175
20191207,1776
20191208,405
20191209,6160
20191210,4736
20191211,3999
20191212,4786
20191213,6162
20191214,4037
20191215,346
20191216,4284
20191217,5080
20191218,6936
20191219,8764
20191220,6986
20191221,6635
20191222,244
20191223,74370
20191224,67118
20191225,48319
20191226,12987
20191227,10448
20191228,1398
20191229,599
20191230,46276
20191231,6823
20200101,3382
20200102,10847
20200103,8973
20200104,7808
20200105,241
20200106,6080
20200107,4120
20200108,3490
20200109,4311
20200110,4836
20200111,2191
20200112,388
20200113,3663
20200114,7100
20200115,3950
20200116,6235
20200117,57641
20200118,4366
20200119,871
20200120,100362
20200121,12186
20200122,486
20200123,211
20200124,144
20200125,31
20200126,16
20200127,29
20200128,63
20200129,107
20200130,391
20200131,485
20200201,189
20200202,117
20200203,5792
20200204,9105
20200205,15611
20200206,10395
20200207,6931
20200208,6351
20200209,143
20200210,4538
20200211,5025
20200212,4037
20200213,5149
20200214,3573
20200215,2410
20200216,294
20200217,7527
20200218,18523
20200219,69836
20200220,8695
20200221,5760
20200222,29178
20200223,186
20200224,31719
20200225,4557
20200226,33014
20200227,19161
20200228,38135
20200229,33719
20200301,489
20200302,54630
20200303,11227
20200304,13285
20200305,5612
20200306,2666
20200307,6242
20200308,346
20200309,6503
20200310,33945
20200311,16347
20200312,6774
20200313,2490
20200314,2120
20200315,462
20200316,13369
20200317,30639
20200318,30262
20200319,67493
20200320,44775
20200321,4100
20200322,940
20200323,6248
20200324,61183
20200325,6834
20200326,10020
20200327,8550
20200328,3551
20200329,3017
20200330,12734
20200331,14493
20200401,26675
20200402,5896
20200403,47057
20200404,5274
20200405,4316
20200406,7643
20200407,2919
20200408,3780
20200409,3462
20200410,2600
20200411,7875
20200412,7255
20200413,6772
20200414,2589
20200415,6717
20200416,37042
20200417,2444
20200418,11270
20200419,422
20200420,99835
20200421,47252
20200422,3172
20200423,2710
20200424,5841
20200425,2116
20200426,58208
20200427,9056
20200428,9283
20200429,6035
20200430,747
20200501,526
20200502,3527
20200503,5325
20200504,12157
20200505,4604
20200506,5993
20200507,5278
20200508,4011
20200509,4339
20200510,1422
20200511,5163
20200512,5700
20200513,3662
20200514,3736
20200515,4009
20200516,2735
20200517,380
20200518,34787
20200519,52241
20200520,37447
20200521,11883
20200522,3495
20200523,5173
20200524,345
20200525,5780
20200526,6933
20200527,5634
20200528,86556
20200529,11917
20200530,14505
20200531,14896
20200601,17146
20200602,12534
20200603,18582
20200604,6733
20200605,6083
20200606,3564
20200607,489
20200608,4929
20200609,6513
20200610,6220
20200611,6106
20200612,7237
20200613,4955
20200614,416
20200615,3347
20200616,5782
20200617,6537
20200618,23123
20200619,42617
20200620,19062
20200621,423
20200622,37443
20200623,7840
20200624,7501
20200625,9603
20200626,10293
20200627,54148
20200628,387
20200629,65343
20200630,10521
20200701,37482
20200702,33502
20200703,19349
20200704,4600
20200705,465
20200706,5039
20200707,6380
20200708,24648
20200709,4438
20200710,4585
20200711,3048
20200712,531
20200713,4728
20200714,4244
20200715,4624
20200716,20967
20200717,33192
20200718,21653
20200719,409
20200720,12475
20200721,36552
20200722,63143
20200723,22102
20200724,6791
20200725,10737
20200726,293
20200727,30283
20200728,51610
20200729,20124
20200730,11342
20200731,19832
20200801,7409
20200802,1777
20200803,29869
20200804,35801
20200805,32685
20200806,6283
20200807,7334
20200808,3546
20200809,650
20200810,6031
20200811,8167
20200812,9304
20200813,5050
20200814,5253
20200815,4044
20200816,341
20200817,60749
20200818,33137
20200819,4505
20200820,4967
20200821,5575
20200822,3269
20200823,1270
20200824,6294
20200825,8776
20200826,12216
20200827,48121
20200828,66811
20200829,1858
20200830,979
20200831,18741
20200901,15639
20200902,1593
20200903,48591
20200904,11546
20200905,14194
20200906,523
20200907,5445
20200908,3718
20200909,6842
20200910,6580
20200911,12447
20200912,517
20200913,427
20200914,29302
20200915,12099
20200916,11341
20200917,7760
20200918,47008
20200919,66110
20200920,317
20200921,7484
20200922,6455
20200923,7386
20200924,16257
20200925,25531
20200926,50233
20200927,26576
20200928,12239
20200929,12482
20200930,23155
20201001,27636
20201002,28383
20201003,51696
20201004,16125
20201005,6960
20201006,6667
20201007,5207
20201008,5539
20201009,6438
20201010,1136
20201011,796
20201012,40532
20201013,6601
20201014,4889
20201015,13493
20201016,4704
20201017,5883
20201018,623
20201019,4255
20201020,4214
20201021,5088
20201022,5251
20201023,3912
20201024,6727
20201025,1130
20201026,34670
20201027,58125
20201028,12989
20201029,20753
20201030,10162
20201031,18848
20201101,568
20201102,16616
20201103,45127
20201104,20487
20201105,8059
20201106,5248
20201107,1035
20201108,603
20201109,5422
20201110,5217
20201111,5412
20201112,4991
20201113,4741
20201114,3219
20201115,539
20201116,3329
20201117,4493
20201118,6849
20201119,4060
20201120,5040
20201121,913
20201122,355
20201123,41173
20201124,9135
20201125,6585
20201126,8184
20201127,14468
20201128,97092
20201129,955
20201130,12397
20201201,40038
20201202,37058
20201203,57520
20201204,9042
20201205,1805
20201206,886
20201207,5815
20201208,10887
20201209,6846
20201210,6809
20201211,6804
20201212,6877
20201213,739
20201214,4415
20201215,5886
20201216,7993
20201217,4160
20201218,4304
20201219,1620
20201220,3394
20201221,8326
20201222,17181
20201223,5102
20201224,4214
20201225,8052
20201226,5979
20201227,32563
20201228,29282
20201229,74286
20201230,14395
20201231,14307
20210101,5971
20210102,4375
20210103,3174
20210104,18517
20210105,23580
20210106,22676
20210107,27278
20210108,6831
20210109,16079
20210110,484
20210111,4407
20210112,4294
20210113,3863
20210114,4326
20210115,4371
20210116,441
20210117,512
20210118,6003
20210119,8221
20210120,4916
20210121,4383
20210122,6421
20210123,5047
20210124,805
20210125,7445
20210126,12421
20210127,24512
20210128,42126
20210129,11437
20210130,9082
20210131,2878
20210201,18836
20210202,74755
20210203,16433
20210204,7184
20210205,5858
20210206,3610
20210207,1394
20210208,6193
20210209,950
20210210,487
20210211,258
20210212,144
20210213,157
20210214,180
20210215,208
20210216,293
20210217,4038
20210218,3510
20210219,3475
20210220,478
20210221,1751
20210222,3741
20210223,10218
20210224,14066
20210225,6596
20210226,30284
20210227,37159
20210228,58363
20210301,17511
20210302,20461
20210303,11048
20210304,15398
20210305,4099
20210306,884
20210307,672
20210308,4757
20210309,3974
20210310,4516
20210311,5594
20210312,4215
20210313,3232
20210314,560
20210315,3193
20210316,3120
20210317,4576
20210318,4459
20210319,5575
20210320,809
20210321,469
20210322,5231
20210323,14705
20210324,7794
20210325,5095
20210326,47019
20210327,12688
20210328,402
20210329,52216
20210330,9498
20210331,11640
20210401,20208
20210402,12698
20210403,687
20210404,1986
20210405,9442
20210406,6882
20210407,5759
20210408,4552
20210409,5211
20210410,5518
20210411,607
20210412,2698
20210413,4076
20210414,3310
20210415,2801
20210416,4048
20210417,2503
20210418,510
20210419,3160
20210420,4230
20210421,3848
20210422,4071
20210423,7841
20210424,860
20210425,2612
20210426,51982
20210427,22348
20210428,9981
20210429,1700
20210430,3052
20210501,494
20210502,2234
20210503,4832
20210504,57634
20210505,18814
20210506,12486
20210507,5838
20210508,4435
20210509,807
20210510,4641
20210511,7248
20210512,3994
20210513,5393
20210514,3775
20210515,1296
20210516,559
20210517,4651
20210518,5299
20210519,4470
20210520,4566
20210521,4036
20210522,53376
20210523,514
20210524,4945
20210525,5149
20210526,58777
20210527,12888
20210528,6707
20210529,1722
20210530,4360
20210531,16821
20210601,12154
20210602,20546
20210603,13629
20210604,8009
20210605,2882
20210606,755
20210607,4895
20210608,3343
20210609,51161
20210610,8223
20210611,3339
20210612,939
20210613,780
20210614,3387
20210615,4971
20210616,3725
20210617,3856
20210618,3918
20210619,2831
20210620,871
20210621,6574
20210622,4644
20210623,5196
20210624,8121
20210625,6143
20210626,12569
20210627,1979
20210628,5882
20210629,14344
20210630,18581
20210701,24676
20210702,52346
20210703,8917
20210704,7790
20210705,6554
20210706,2594
20210707,13242
20210708,3604
20210709,3045
20210710,884
20210711,818
20210712,5679
20210713,3661
20210714,4223
20210715,4706
20210716,50506
20210717,3282
20210718,556
20210719,2871
20210720,3460
20210721,4776
20210722,4824
20210723,4387
20210724,657
20210725,7965
20210726,46104
20210727,4936
20210728,6975
20210729,13633
20210730,2460
20210731,16102
20210801,1397
20210802,10390
20210803,12947
20210804,8267
20210805,4003
20210806,2620
20210807,1077
20210808,609
20210809,1942
20210810,50946
20210811,2712
20210812,1658
20210813,2240
20210814,2131
20210815,447
20210816,1485
20210817,1865
20210818,1353
20210819,3424
20210820,1965
20210821,435
20210822,478
20210823,1940
20210824,2728
20210825,2528
20210826,9472
20210827,46522
20210828,1916
20210829,349
20210830,4616
20210831,12077
20210901,7374
20210902,439
20210903,687
20210904,710
20210905,589
20210906,11304
20210907,5461
20210908,2793
20210909,1726
20210910,1564
20210911,1474
20210912,540
20210913,11579
20210914,1447
20210915,2241
20210916,2010
20210917,2990
20210918,597
20210919,619
20210920,2536
20210921,1973
20210922,1694
20210923,2553
20210924,2743
20210925,7133
20210926,337
20210927,45206
20210928,5085
20210929,5364
20210930,3920
20211001,6847
20211002,2786
20211003,56105
20211004,10970
20211005,8966
20211006,5653
20211007,4236
20211008,2601
20211009,2481
20211010,684
20211011,2281
20211012,3603
20211013,3764
20211014,4124
20211015,2398
20211016,818
20211017,707
20211018,3949
20211019,2860
20211020,2847
20211021,3412
20211022,3314
20211023,3601
20211024,468
20211025,3652
20211026,13633
20211027,6718
20211028,14585
20211029,6026
20211030,3470
20211031,3933
20211101,11546
20211102,18793
20211103,90762
20211104,6714
20211105,4651
20211106,6595
20211107,659
20211108,10145
20211109,6587
20211110,2875
20211111,3957
20211112,4169
20211113,769
20211114,681
20211115,2875
20211116,3511
20211117,6890
20211118,4007
20211119,5453
20211120,2876
20211121,563
20211122,4596
20211123,3888
20211124,5063
20211125,4262
20211126,4682
20211127,7660
20211128,10480
20211129,7968
20211130,11344
20211201,20710
20211202,95914
20211203,15298
20211204,5162
20211205,1214
20211206,5662
20211207,6438
20211208,4548
20211209,5830
20211210,6224
20211211,1666
20211212,813
20211213,4565
20211214,8428
20211215,7329
20211216,4693
20211217,4960
20211218,2776
20211219,724
20211220,4047
20211221,6258
20211222,4083
20211223,7063
20211224,5077
20211225,1279
20211226,6763
20211227,6666
20211228,28747
20211229,6281
20211230,10176
20211231,24370
20220101,26781
20220102,2515
20220103,5850
20220104,13851
20220105,67686
20220106,25823
20220107,18542
20220108,4235
20220109,782
20220110,5912
20220111,6591
20220112,4492
20220113,4113
20220114,6851
20220115,3315
20220116,653
20220117,4946
20220118,4553
20220119,6979
20220120,5759
20220121,8115
20220122,698
20220123,542
20220124,9361
20220125,7328
20220126,6049
20220127,6847
20220128,8270
20220129,777
20220130,299
20220131,2380
20220201,50
20220202,7386
20220203,8055
20220204,1075
20220205,248
20220206,1304
20220207,19659
20220208,70651
20220209,35830
20220210,5905
20220211,6220
20220212,2943
20220213,459
20220214,4211
20220215,3619
20220216,5118
20220217,2910
20220218,3605
20220219,1066
20220220,1006
20220221,3644
20220222,3719
20220223,4162
20220224,4518
20220225,7772
20220226,5391
20220227,7017
20220228,23581
20220301,66050
20220302,26167
20220303,11146
20220304,6089
20220305,1020
20220306,658
20220307,4028
20220308,2851
20220309,3191
20220310,3661
20220311,2825
20220312,2043
20220313,571
20220314,3134
20220315,3714
20220316,5461
20220317,3315
20220318,3434
20220319,1311
20220320,428
20220321,2902
20220322,2664
20220323,5622
20220324,6579
20220325,3831
20220326,1958
20220327,423
20220328,55131
20220329,8236
20220330,6475
20220331,8084
20220401,10579
20220402,2842
20220403,8159
20220404,20016
20220405,45359
20220406,7899
20220407,5026
20220408,3805
20220409,805
20220410,430
20220411,546
20220412,4885
20220413,3921
20220414,4868
20220415,3893
20220416,7869
20220417,584
20220418,4465
20220419,4433
20220420,12199
20220421,9730
20220422,11570
20220423,9248
20220424,530
20220425,25296
20220426,13430
20220427,12410
20220428,9944
20220429,58844
20220430,4099
20220501,2771
20220502,860
20220503,3501
20220504,19234
20220505,14288
20220506,14078
20220507,6390
20220508,2517
20220509,4716
20220510,4658
20220511,4902
20220512,5085
20220513,5093
20220514,3579
20220515,2223
20220516,4386
20220517,6924
20220518,8192
20220519,5418
20220520,5185
20220521,12352
20220522,742
20220523,8447
20220524,8085
20220525,31317
20220526,30740
20220527,8246
20220528,21667
20220529,14260
20220530,11214
20220531,67307
20220601,16310
20220602,14280
20220603,17819
20220604,5918
20220605,3555
20220606,4797
20220607,8707
20220608,6170
20220609,8426
20220610,5151
20220611,1373
20220612,1401
20220613,5041
20220614,8586
20220615,6941
20220616,6931
20220617,7902
20220618,3817
20220619,1026
20220620,9326
20220621,8630
20220622,17524
20220623,5557
20220624,3890
20220625,1057
20220626,625
20220627,9948
20220628,83692
20220629,18051
20220630,37700
20220701,17811
20220702,13876
20220703,3364
20220704,30525
20220705,6597
20220706,5210
20220707,7723
20220708,14539
20220709,1174
20220710,827
20220711,7849
20220712,7193
20220713,5829
20220714,5448
20220715,3929
20220716,4774
20220717,754
20220718,5950
20220719,11755
20220720,54376
20220721,10394
20220722,4720
20220723,1311
20220724,17197
20220725,6186
20220726,6425
20220727,28737
20220728,6922
20220729,11143
20220730,17379
20220731,2100
20220801,12214
20220802,18145
20220803,25611
20220804,5739
20220805,6441
20220806,1362
20220807,1172
20220808,4582
20220809,5621
20220810,4744
20220811,6459
20220812,5395
20220813,3700
20220814,744
20220815,6573
20220816,8997
20220817,4287
20220818,8658
20220819,59382
20220820,2777
20220821,1483
20220822,5678
20220823,10238
20220824,19008
20220825,17189
20220826,11257
20220827,5959
20220828,684
20220829,6245
20220830,9598
20220831,21579
20220901,5776
20220902,759
20220903,903
20220904,1536
20220905,9109
20220906,24673
20220907,22010
20220908,10765
20220909,4752
20220910,3863
20220911,878
20220912,3828
20220913,8576
20220914,7411
20220915,4583
20220916,14118
20220917,1969
20220918,861
20220919,4465
20220920,5643
20220921,11293
20220922,9287
20220923,4806
20220924,73907
20220925,596
20220926,4663
20220927,15619
20220928,5449
20220929,29870
20220930,9154
20221001,4442
20221002,3370
20221003,22992
20221004,14789
20221005,20219
20221006,25499
20221007,5577
20221008,4503
20221009,830
20221010,8304
20221011,6368
20221012,16334
20221013,7412
20221014,6937
20221015,1533
20221016,1625
20221017,7067
20221018,64016
20221019,15161
20221020,4101
20221021,8661
20221022,5181
20221023,3683
20221024,6338
20221025,30814
20221026,7684
20221027,5675
20221028,10274
20221029,2333
20221030,933
20221031,23648
20221101,15807
20221102,12739
20221103,24290
20221104,21357
20221105,4683
20221106,2322
20221107,5936
20221108,4489
20221109,5851
20221110,4402
20221111,8034
20221112,2663
20221113,640
20221114,9599
20221115,60777
20221116,6154
20221117,6285
20221118,5382
20221119,3515
20221120,2230
20221121,8176
20221122,9985
20221123,8828
20221124,17196
20221125,20357
20221126,3936
20221127,546
20221128,18296
20221129,20504
20221130,12787
20221201,14372
20221202,17788
20221203,42942
20221204,3541
20221205,83849
20221206,11774
20221207,9641
20221208,6150
20221209,8599
20221210,1906
20221211,1292
20221212,12085
20221213,17750
20221214,11514
20221215,6439
20221216,8307
20221217,6125
20221218,1781
20221219,10709
20221220,9754
20221221,7332
20221222,6047
20221223,7257
20221224,19498
20221225,2797
20221226,14804
20221227,14018
20221228,20434
20221229,15848
20221230,19213
20221231,35473
20230101,3374
20230102,12186
20230103,34593
20230104,22616
20230105,24725
20230106,6008
20230107,5363
20230108,1167
20230109,15113
20230110,13705
20230111,7086
20230112,13222
20230113,7524
20230114,8951
20230115,1942
20230116,13868
20230117,9055
20230118,10056
20230119,1856
20230120,10132
20230121,883
20230122,2181
20230123,293
20230124,193
20230125,250
20230126,384
20230127,866
20230128,1317
20230129,5122
20230130,70675
20230131,21933
20230201,21302
20230202,10930
20230203,13475
20230204,3704
20230205,2922
20230206,13979
20230207,16221
20230208,6968
20230209,6300
20230210,4536
20230211,4619
20230212,1540
20230213,4791
20230214,3578
20230215,3936
20230216,5912
20230217,8475
20230218,1468
20230219,704
20230220,14896
20230221,18145
20230222,17609
20230223,8888
20230224,12379
20230225,67836
20230226,1555
20230227,24286
20230228,12321
20230301,12742
20230302,22205
20230303,23463
20230304,7135
20230305,1071
20230306,18164
20230307,6612
20230308,4345
20230309,9832
20230310,7067
20230311,4811
20230312,870
20230313,5281
20230314,4629
20230315,6939
20230316,5008
20230317,8230
20230318,2349
20230319,956
20230320,70144
20230321,5090
20230322,10699
20230323,19373
20230324,16418
20230325,14807
20230326,496
20230327,6767
20230328,11894
20230329,21314
20230330,15530
20230331,9380
20230401,8860
20230402,2291
20230403,26442
20230404,14070
20230405,16521
20230406,40729
20230407,7515
20230408,4802
20230409,941
20230410,4538
20230411,8428
20230412,7693
20230413,5735
20230414,8225
20230415,1948
20230416,762
20230417,6323
20230418,5454
20230419,8636
20230420,9172
20230421,9004
20230422,8262
20230423,1062
20230424,80614
20230425,23764
20230426,16582
20230427,27758
20230428,8183
20230429,1188
20230430,948
20230501,1797
20230502,642
20230503,1867
20230504,26487
20230505,17161
20230506,14315
20230507,12660
20230508,16815
20230509,8568
20230510,5495
20230511,5556
20230512,8763
20230513,1720
20230514,981
20230515,9820
20230516,8065
20230517,7175
20230518,6036
20230519,19217
20230520,16827
20230521,1290
20230522,85115
20230523,14241
20230524,23281
20230525,16134
20230526,18908
20230527,2252
20230528,1389
20230529,6324
20230530,14278
20230531,13342
20230601,33034
20230602,18817
20230603,17137
20230604,3600
20230605,12820
20230606,6367
20230607,7095
20230608,6598
20230609,7365
20230610,2585
20230611,2471
20230612,6206
20230613,8289
20230614,7956
20230615,10861
20230616,7391
20230617,4918
20230618,1169
20230619,7444
20230620,6543
20230621,6749
20230622,5132
20230623,5446
20230624,6306
20230625,1104
20230626,90966
20230627,17613
20230628,5319
20230629,17697
20230630,20380
20230701,23117
20230702,4341
20230703,15805
20230704,27600
20230705,23082
20230706,5836
20230707,7731
20230708,3357
20230709,1623
20230710,22766
20230711,5478
20230712,7893
20230713,5836
20230714,7783
20230715,4550
20230716,1831
20230717,4893
20230718,5764
20230719,4624
20230720,5964
20230721,5271
20230722,6000
20230723,1822
20230724,6839
20230725,10315
20230726,14217
20230727,17601
20230728,18442
20230729,85438
20230730,2311
20230731,12431
20230801,8683
20230802,21507
20230803,42386
20230804,8329
20230805,3126
20230806,2176
20230807,9838
20230808,6260
20230809,4889
20230810,8212
20230811,11174
20230812,5069
20230813,1268
20230814,4803
20230815,5103
20230816,6916
20230817,17213
20230818,5076
20230819,8365
20230820,1074
20230821,5612
20230822,7506
20230823,7385
20230824,4585
20230825,13278
20230826,3519
20230827,1074
20230828,83888
20230829,11624
20230830,8071
20230831,11907
20230901,1358
20230902,1290
20230903,949
20230904,1545
20230905,13869
20230906,13950
20230907,14914
20230908,12302
20230909,2056
20230910,1438
20230911,7040
20230912,6465
20230913,5728
20230914,6043
20230915,8777
20230916,6418
20230917,2890
20230918,6025
20230919,8824
20230920,8404
20230921,11530
20230922,10957
20230923,9505
20230924,825
20230925,38873
20230926,49548
20230927,20407
20230928,6831
20230929,7385
20230930,2914
20231001,945
20231002,15701
20231003,20541
20231004,35839
20231005,35150
20231006,7911
20231007,6552
20231008,937
20231009,24736
20231010,23073
20231011,22571
20231012,7584
20231013,16511
20231014,5148
20231015,1312
20231016,5267
20231017,4673
